ResourceID,Body,Link
151112571,https://storage.googleapis.com/content-resources/Science%20activities/HS%20Biology/Student%20Guide_%20How%20do%20stem%20cells%20give%20rise%20to%20the%20diverse%20cell%20types%20that%20make%20up%20the%20human%20body.pdf,https://storage.googleapis.com/content-resources/Science%20activities/HS%20Biology/Student%20Guide_%20How%20do%20stem%20cells%20give%20rise%20to%20the%20diverse%20cell%20types%20that%20make%20up%20the%20human%20body.pdf
258552457,https://ocw.mit.edu/courses/res-env-001-climate-action-hands-on-harnessing-science-with-communities-to-cut-carbon-january-iap-2017/6716a40c5a61b4e26fe1fbcf288d111f_MITRES_ENV_001IAP17_ses4.2.pdf,https://ocw.mit.edu/courses/res-env-001-climate-action-hands-on-harnessing-science-with-communities-to-cut-carbon-january-iap-2017/6716a40c5a61b4e26fe1fbcf288d111f_MITRES_ENV_001IAP17_ses4.2.pdf
278871970,https://ocw.mit.edu/courses/11-949-city-visions-past-and-future-spring-2004/ad3584813e4c7bd0e8855e81862660f2_nora.pdf,https://ocw.mit.edu/courses/11-949-city-visions-past-and-future-spring-2004/ad3584813e4c7bd0e8855e81862660f2_nora.pdf
320797539,https://storage.googleapis.com/content-resources/Science%20activities/HS%20Biology/Student%20Guide_%20How%20do%20stem%20cells%20give%20rise%20to%20the%20diverse%20cell%20types%20that%20make%20up%20the%20human%20body.pdf,https://storage.googleapis.com/content-resources/Science%20activities/HS%20Biology/Student%20Guide_%20How%20do%20stem%20cells%20give%20rise%20to%20the%20diverse%20cell%20types%20that%20make%20up%20the%20human%20body.pdf
390335955,https://ocw.mit.edu/courses/res-env-001-climate-action-hands-on-harnessing-science-with-communities-to-cut-carbon-january-iap-2017/d85fb96dd199997cfdbb9326df015a2a_MITRES_ENV_001IAP17_ses1.1.pdf,https://ocw.mit.edu/courses/res-env-001-climate-action-hands-on-harnessing-science-with-communities-to-cut-carbon-january-iap-2017/d85fb96dd199997cfdbb9326df015a2a_MITRES_ENV_001IAP17_ses1.1.pdf
624582847,https://storage.googleapis.com/content-resources/Science%20activities/HS%20Biology/Teacher%20Guide_%20How%20do%20stem%20cells%20give%20rise%20to%20the%20diverse%20cell%20types%20that%20make%20up%20the%20human%20body.pdf,https://storage.googleapis.com/content-resources/Science%20activities/HS%20Biology/Teacher%20Guide_%20How%20do%20stem%20cells%20give%20rise%20to%20the%20diverse%20cell%20types%20that%20make%20up%20the%20human%20body.pdf
797007424,https://ocw.mit.edu/courses/21m-383-computational-music-theory-and-analysis-spring-2023/mit21m383s23_quiz_1.pdf,https://ocw.mit.edu/courses/21m-383-computational-music-theory-and-analysis-spring-2023/mit21m383s23_quiz_1.pdf
846075534,https://storage.googleapis.com/content-resources/Science%20activities/HS%20Biology/Teacher%20Guide_%20How%20do%20stem%20cells%20give%20rise%20to%20the%20diverse%20cell%20types%20that%20make%20up%20the%20human%20body.pdf,https://storage.googleapis.com/content-resources/Science%20activities/HS%20Biology/Teacher%20Guide_%20How%20do%20stem%20cells%20give%20rise%20to%20the%20diverse%20cell%20types%20that%20make%20up%20the%20human%20body.pdf
981776196,https://ocw.mit.edu/courses/11-949-city-visions-past-and-future-spring-2004/fe10211fe7ded76d4b5e4ab0fa53a3cc_bierbaum.pdf,https://ocw.mit.edu/courses/11-949-city-visions-past-and-future-spring-2004/fe10211fe7ded76d4b5e4ab0fa53a3cc_bierbaum.pdf
1148612820,https://ocw.mit.edu/courses/res-env-001-climate-action-hands-on-harnessing-science-with-communities-to-cut-carbon-january-iap-2017/a7efbad9a2f0c50961ce43baafb9432a_MITRES_ENV_001IAP17_ses1.2_gasleaks.pdf,https://ocw.mit.edu/courses/res-env-001-climate-action-hands-on-harnessing-science-with-communities-to-cut-carbon-january-iap-2017/a7efbad9a2f0c50961ce43baafb9432a_MITRES_ENV_001IAP17_ses1.2_gasleaks.pdf
1190950811,https://storage.googleapis.com/content-resources/Science%20activities/HS%20Biology/Activity%20packet_%20How%20do%20stem%20cells%20give%20rise%20to%20the%20diverse%20cell%20types%20that%20make%20up%20the%20human%20body.pdf,https://storage.googleapis.com/content-resources/Science%20activities/HS%20Biology/Activity%20packet_%20How%20do%20stem%20cells%20give%20rise%20to%20the%20diverse%20cell%20types%20that%20make%20up%20the%20human%20body.pdf
1289504740,https://ocw.mit.edu/courses/21m-383-computational-music-theory-and-analysis-spring-2023/mit21m383s23_quiz_2.pdf,https://ocw.mit.edu/courses/21m-383-computational-music-theory-and-analysis-spring-2023/mit21m383s23_quiz_2.pdf
1826247970,https://storage.googleapis.com/content-resources/Science%20activities/HS%20Biology/Activity%20packet_%20How%20do%20stem%20cells%20give%20rise%20to%20the%20diverse%20cell%20types%20that%20make%20up%20the%20human%20body.pdf,https://storage.googleapis.com/content-resources/Science%20activities/HS%20Biology/Activity%20packet_%20How%20do%20stem%20cells%20give%20rise%20to%20the%20diverse%20cell%20types%20that%20make%20up%20the%20human%20body.pdf
1936445397,https://ocw.mit.edu/courses/11-949-city-visions-past-and-future-spring-2004/5643cf32cb08da72acb1977c6a2036db_eric_orozco.pdf,https://ocw.mit.edu/courses/11-949-city-visions-past-and-future-spring-2004/5643cf32cb08da72acb1977c6a2036db_eric_orozco.pdf
2129132951,https://ocw.mit.edu/courses/11-949-city-visions-past-and-future-spring-2004/bd175ef328843ef46fbdf611bf4093df_chris_becker.pdf,https://ocw.mit.edu/courses/11-949-city-visions-past-and-future-spring-2004/bd175ef328843ef46fbdf611bf4093df_chris_becker.pdf
